-- phpMyAdmin SQL Dump
-- version 4.6.4
-- https://www.phpmyadmin.net/
--
-- Host: 127.0.0.1
-- Generation Time: Apr 01, 2017 at 06:58 PM
-- Server version: 5.7.14
-- PHP Version: 5.6.25

SET SQL_MODE = "NO_AUTO_VALUE_ON_ZERO";
SET time_zone = "+00:00";


/*!40101 SET @OLD_CHARACTER_SET_CLIENT=@@CHARACTER_SET_CLIENT */;
/*!40101 SET @OLD_CHARACTER_SET_RESULTS=@@CHARACTER_SET_RESULTS */;
/*!40101 SET @OLD_COLLATION_CONNECTION=@@COLLATION_CONNECTION */;
/*!40101 SET NAMES utf8mb4 */;

--
-- Database: `ecorico`
--

-- --------------------------------------------------------

--
-- Table structure for table `admin`
--

CREATE TABLE `admin` (
  `user_id` int(100) NOT NULL,
  `username` varchar(100) NOT NULL,
  `password` varchar(100) NOT NULL
) ENGINE=MyISAM DEFAULT CHARSET=latin1;

--
-- Dumping data for table `admin`
--

INSERT INTO `admin` (`user_id`, `username`, `password`) VALUES
(3, 'deepesh', 'deepesh');

-- --------------------------------------------------------

--
-- Table structure for table `approveorder`
--

CREATE TABLE `approveorder` (
  `datetime` datetime(6) NOT NULL,
  `uid` int(10) NOT NULL,
  `utid` int(10) NOT NULL,
  `eid` int(10) NOT NULL,
  `etid` int(10) NOT NULL,
  `productdeatils` varchar(10) NOT NULL
) ENGINE=MyISAM DEFAULT CHARSET=latin1;

--
-- Dumping data for table `approveorder`
--

INSERT INTO `approveorder` (`datetime`, `uid`, `utid`, `eid`, `etid`, `productdeatils`) VALUES
('2017-04-01 06:30:20.000000', 1, 1001, 1, 101, '2000'),
('2017-04-01 06:30:20.000000', 1, 1001, 1, 101, '2000');

-- --------------------------------------------------------

--
-- Table structure for table `component_details`
--

CREATE TABLE `component_details` (
  `comp_id` int(100) NOT NULL,
  `comp_name` varchar(100) NOT NULL
) ENGINE=MyISAM DEFAULT CHARSET=latin1;

--
-- Dumping data for table `component_details`
--

INSERT INTO `component_details` (`comp_id`, `comp_name`) VALUES
(1, 'Metal'),
(2, 'Motor'),
(3, 'Compressor'),
(4, 'Cooling'),
(5, 'Plastic'),
(6, 'Insulation'),
(7, 'Glass'),
(8, 'CRT'),
(9, 'LCD'),
(10, 'Rubber'),
(11, 'Wiring'),
(12, 'Electrical'),
(13, 'Concrete'),
(14, 'Transformer'),
(15, 'Circuit Board'),
(16, 'Fluorescent Lamp'),
(17, 'Incandescent Lamp'),
(18, 'Heating element'),
(19, 'Thermostat'),
(21, 'Batteries'),
(22, 'CFC'),
(23, 'HCFC'),
(24, 'HFC'),
(25, 'HC'),
(26, 'External electric cables'),
(27, 'Electrolyte Capacitors');

-- --------------------------------------------------------

--
-- Table structure for table `component_haz`
--

CREATE TABLE `component_haz` (
  `comp_id` int(10) NOT NULL,
  `haz_id` varchar(10) NOT NULL
) ENGINE=MyISAM DEFAULT CHARSET=latin1;

--
-- Dumping data for table `component_haz`
--

INSERT INTO `component_haz` (`comp_id`, `haz_id`) VALUES
(4, '1'),
(5, '2'),
(5, '3'),
(6, '4'),
(6, '5'),
(6, '6'),
(8, '7'),
(8, '8'),
(8, '9'),
(8, '10'),
(9, '9'),
(10, '11'),
(10, '3'),
(11, '11'),
(11, '7'),
(11, '3'),
(12, '11'),
(12, '7'),
(12, '3'),
(15, '7'),
(15, '12'),
(15, '8'),
(15, '3'),
(16, '9'),
(16, '10'),
(16, '13'),
(19, '9'),
(20, '3'),
(21, '7'),
(21, '14'),
(21, '15'),
(21, '9'),
(22, '1'),
(23, '1'),
(24, '1'),
(25, '1'),
(26, '3'),
(26, '11'),
(27, '16');

-- --------------------------------------------------------

--
-- Table structure for table `ec_id_tid`
--

CREATE TABLE `ec_id_tid` (
  `ec_id` int(11) NOT NULL,
  `ect_id` int(11) NOT NULL
) ENGINE=MyISAM DEFAULT CHARSET=latin1;

--
-- Dumping data for table `ec_id_tid`
--

INSERT INTO `ec_id_tid` (`ec_id`, `ect_id`) VALUES
(12, 112),
(11, 111),
(10, 110),
(9, 109),
(8, 108),
(7, 107),
(6, 106),
(5, 105),
(4, 104),
(3, 103),
(2, 102),
(1, 101),
(13, 113),
(14, 114),
(15, 115),
(16, 116),
(17, 117),
(18, 118),
(19, 119),
(20, 120),
(21, 121),
(22, 122),
(23, 123),
(24, 124),
(25, 125),
(26, 126),
(27, 127),
(28, 128),
(29, 129),
(30, 130),
(31, 131),
(32, 132),
(33, 133),
(34, 134),
(35, 135),
(36, 136),
(37, 137),
(38, 138),
(39, 139),
(40, 140),
(41, 141),
(42, 142),
(43, 143),
(44, 144),
(45, 145),
(46, 146),
(47, 147),
(48, 148),
(49, 149),
(50, 150),
(51, 151),
(52, 152),
(53, 153),
(54, 154),
(55, 155),
(56, 156),
(57, 157),
(58, 158),
(59, 159),
(60, 160),
(61, 161),
(62, 162),
(63, 163),
(64, 164),
(65, 165),
(66, 166),
(67, 167),
(68, 168),
(69, 169),
(70, 170),
(71, 171),
(72, 172),
(73, 173),
(74, 174),
(75, 175),
(76, 176),
(77, 177),
(78, 178),
(79, 179),
(80, 180),
(81, 181),
(82, 182),
(83, 183),
(84, 184),
(85, 185),
(86, 186),
(87, 187),
(88, 188),
(89, 189),
(90, 190),
(91, 191),
(92, 192),
(93, 193),
(94, 194),
(95, 195),
(96, 196),
(97, 197),
(98, 198),
(99, 199),
(100, 200),
(101, 201),
(102, 202),
(103, 203),
(104, 204),
(105, 205),
(106, 206),
(107, 207),
(108, 208),
(109, 209),
(110, 210),
(111, 211),
(112, 212),
(113, 213),
(114, 214),
(115, 215),
(116, 216),
(117, 217),
(118, 218),
(119, 219),
(120, 220),
(121, 221),
(122, 222),
(123, 223),
(124, 224),
(125, 225),
(126, 226),
(127, 227),
(128, 228),
(129, 229),
(130, 230),
(131, 231),
(132, 232),
(133, 233),
(134, 234),
(135, 235),
(136, 236),
(137, 237),
(138, 238),
(139, 239),
(140, 240),
(141, 241),
(142, 242),
(143, 243),
(144, 244),
(145, 245),
(146, 246),
(147, 247),
(148, 248),
(149, 249),
(150, 250),
(151, 251),
(152, 252),
(153, 253),
(154, 254),
(155, 255),
(156, 256),
(157, 257),
(158, 258),
(159, 259),
(160, 260),
(161, 261),
(162, 262),
(163, 263),
(164, 264),
(165, 265),
(166, 266),
(167, 267),
(168, 268),
(169, 269),
(170, 270),
(171, 271),
(172, 272),
(173, 273),
(174, 274),
(175, 275),
(176, 276),
(177, 277),
(178, 278),
(179, 279),
(180, 280),
(181, 281),
(182, 282),
(183, 283),
(184, 284),
(185, 285),
(186, 286),
(187, 287),
(188, 288),
(189, 289),
(190, 290),
(191, 291),
(192, 292),
(193, 293),
(194, 294),
(195, 295),
(196, 296),
(197, 297),
(198, 298),
(199, 299),
(200, 300),
(201, 301),
(202, 302),
(203, 303),
(204, 304),
(205, 305),
(206, 306),
(207, 307),
(208, 308),
(209, 309),
(210, 310),
(211, 311),
(212, 312),
(213, 313),
(214, 314),
(215, 315),
(216, 316),
(217, 317),
(218, 318),
(219, 319),
(220, 320),
(221, 321),
(222, 322),
(223, 323),
(224, 324),
(225, 325),
(226, 326),
(227, 327),
(228, 328),
(229, 329),
(230, 330),
(231, 331),
(232, 332),
(233, 333),
(234, 334),
(235, 335),
(236, 336),
(237, 337),
(238, 338),
(239, 339),
(240, 340),
(241, 341),
(242, 342),
(243, 343),
(244, 344),
(245, 345),
(246, 346),
(247, 347),
(248, 348),
(249, 349),
(250, 350),
(251, 351),
(252, 352),
(253, 353),
(254, 354),
(255, 355),
(256, 356),
(257, 357),
(258, 358),
(259, 359),
(260, 360),
(261, 361),
(262, 362),
(263, 363),
(264, 364),
(265, 365),
(266, 366),
(267, 367),
(268, 368),
(269, 369),
(270, 370),
(271, 371),
(272, 372),
(273, 373),
(274, 374),
(275, 375),
(276, 376),
(277, 377),
(278, 378),
(279, 379),
(280, 380),
(281, 381),
(282, 382),
(283, 383),
(284, 384),
(285, 385),
(286, 386),
(287, 387),
(288, 388),
(289, 389),
(290, 390),
(291, 391),
(292, 392),
(293, 393),
(294, 394),
(295, 395),
(296, 396),
(297, 397),
(298, 398),
(299, 399),
(300, 400),
(301, 401),
(302, 402),
(303, 403),
(304, 404),
(305, 405),
(306, 406),
(307, 407),
(308, 408),
(309, 409),
(310, 410),
(311, 411),
(312, 412),
(313, 413),
(314, 414),
(315, 415),
(316, 416),
(317, 417),
(318, 418),
(319, 419),
(320, 420),
(321, 421),
(322, 422),
(323, 423),
(324, 424),
(325, 425),
(326, 426),
(327, 427),
(328, 428),
(329, 429),
(330, 430),
(331, 431),
(332, 432),
(333, 433),
(334, 434),
(335, 435),
(336, 436),
(337, 437),
(338, 438),
(339, 439),
(340, 440),
(341, 441),
(342, 442),
(343, 443),
(344, 444),
(345, 445),
(346, 446),
(347, 447),
(348, 448),
(349, 449),
(350, 450),
(351, 451),
(352, 452),
(353, 453),
(354, 454),
(355, 455),
(356, 456),
(357, 457),
(358, 458),
(359, 459),
(360, 460),
(361, 461),
(362, 462),
(363, 463),
(364, 464),
(365, 465),
(366, 466),
(367, 467),
(368, 468),
(369, 469),
(370, 470),
(371, 471),
(372, 472),
(373, 473),
(374, 474),
(375, 475),
(376, 476),
(377, 477),
(378, 478),
(379, 479),
(380, 480),
(381, 481),
(382, 482),
(383, 483),
(384, 484),
(385, 485),
(386, 486),
(387, 487),
(388, 488),
(389, 489),
(390, 490),
(391, 491),
(392, 492),
(393, 493),
(394, 494),
(395, 495),
(396, 496),
(397, 497),
(398, 498),
(399, 499),
(400, 500),
(401, 501),
(402, 502),
(403, 503),
(404, 504),
(405, 505),
(406, 506),
(407, 507),
(408, 508),
(409, 509),
(410, 510),
(411, 511),
(412, 512),
(413, 513),
(414, 514),
(415, 515),
(416, 516),
(417, 517),
(418, 518),
(419, 519),
(420, 520),
(421, 521),
(422, 522),
(423, 523),
(424, 524),
(425, 525),
(426, 526),
(427, 527),
(428, 528),
(429, 529),
(430, 530),
(431, 531),
(432, 532),
(433, 533),
(434, 534),
(435, 535),
(436, 536),
(437, 537),
(438, 538),
(439, 539),
(440, 540),
(441, 541),
(442, 542),
(443, 543),
(444, 544),
(445, 545),
(446, 546),
(447, 547),
(448, 548),
(449, 549),
(450, 550),
(451, 551),
(452, 552),
(453, 553),
(454, 554),
(455, 555),
(456, 556),
(457, 557),
(458, 558),
(459, 559),
(460, 560),
(461, 561),
(462, 562),
(463, 563),
(464, 564),
(465, 565),
(466, 566),
(467, 567),
(468, 568),
(469, 569),
(470, 570),
(471, 571),
(472, 572),
(473, 573),
(474, 574),
(475, 575),
(476, 576),
(477, 577),
(478, 578),
(479, 579),
(480, 580),
(481, 581),
(482, 582),
(483, 583),
(484, 584),
(485, 585),
(486, 586),
(487, 587),
(488, 588),
(489, 589),
(490, 590),
(491, 591),
(492, 592),
(493, 593),
(494, 594),
(495, 595),
(496, 596),
(497, 597),
(498, 598),
(499, 599),
(500, 600),
(501, 601),
(502, 602),
(503, 603),
(504, 604),
(505, 605),
(506, 606),
(507, 607),
(508, 608),
(509, 609),
(510, 610),
(511, 611),
(512, 612),
(513, 613),
(514, 614),
(515, 615),
(516, 616),
(517, 617),
(518, 618),
(519, 619),
(520, 620),
(521, 621),
(522, 622),
(523, 623),
(524, 624),
(525, 625),
(526, 626),
(527, 627),
(528, 628),
(529, 629),
(530, 630),
(531, 631),
(532, 632),
(533, 633),
(534, 634),
(535, 635),
(536, 636),
(537, 637),
(538, 638),
(539, 639),
(540, 640),
(541, 641),
(542, 642),
(543, 643),
(544, 644),
(545, 645),
(546, 646),
(547, 647),
(548, 648),
(549, 649),
(550, 650),
(551, 651),
(552, 652),
(553, 653),
(554, 654),
(555, 655),
(556, 656),
(557, 657),
(558, 658),
(559, 659),
(560, 660),
(561, 661),
(562, 662),
(563, 663),
(564, 664),
(565, 665),
(566, 666),
(567, 667),
(568, 668),
(569, 669),
(570, 670),
(571, 671),
(572, 672),
(573, 673),
(574, 674),
(575, 675),
(576, 676),
(577, 677),
(578, 678),
(579, 679),
(580, 680),
(581, 681),
(582, 682),
(583, 683),
(584, 684),
(585, 685),
(586, 686),
(587, 687),
(588, 688),
(589, 689),
(590, 690),
(591, 691),
(592, 692),
(593, 693),
(594, 694),
(595, 695),
(596, 696),
(597, 697),
(598, 698),
(599, 699),
(600, 700),
(601, 701),
(602, 702),
(603, 703),
(604, 704),
(605, 705),
(606, 706),
(607, 707),
(608, 708),
(609, 709),
(610, 710),
(611, 711),
(612, 712),
(613, 713),
(614, 714),
(615, 715),
(616, 716),
(617, 717),
(618, 718),
(619, 719),
(620, 720),
(621, 721),
(622, 722),
(623, 723),
(624, 724),
(625, 725),
(626, 726),
(627, 727),
(628, 728),
(629, 729),
(630, 730),
(631, 731),
(632, 732),
(633, 733),
(634, 734),
(635, 735),
(636, 736),
(637, 737),
(638, 738),
(639, 739),
(640, 740),
(641, 741),
(642, 742),
(643, 743),
(644, 744),
(645, 745),
(646, 746),
(647, 747),
(648, 748),
(649, 749),
(650, 750),
(651, 751),
(652, 752),
(653, 753),
(654, 754),
(655, 755),
(656, 756),
(657, 757),
(658, 758),
(659, 759),
(660, 760),
(661, 761),
(662, 762),
(663, 763),
(664, 764),
(665, 765),
(666, 766),
(667, 767),
(668, 768),
(669, 769),
(670, 770),
(671, 771),
(672, 772),
(673, 773),
(674, 774),
(675, 775),
(676, 776),
(677, 777),
(678, 778),
(679, 779),
(680, 780),
(681, 781),
(682, 782),
(683, 783),
(684, 784),
(685, 785),
(686, 786),
(687, 787),
(688, 788),
(689, 789),
(690, 790),
(691, 791),
(692, 792),
(693, 793),
(694, 794),
(695, 795),
(696, 796),
(697, 797),
(698, 798),
(699, 799),
(700, 800),
(701, 801),
(702, 802),
(703, 803),
(704, 804),
(705, 805),
(706, 806),
(707, 807),
(708, 808),
(709, 809),
(710, 810),
(711, 811),
(712, 812),
(713, 813),
(714, 814),
(715, 815),
(716, 816),
(717, 817),
(718, 818),
(719, 819),
(720, 820),
(721, 821),
(722, 822),
(723, 823),
(724, 824),
(725, 825),
(726, 826),
(727, 827),
(728, 828),
(729, 829),
(730, 830),
(731, 831),
(732, 832),
(733, 833),
(734, 834),
(735, 835),
(736, 836),
(737, 837),
(738, 838),
(739, 839),
(740, 840),
(741, 841),
(742, 842),
(743, 843),
(744, 844),
(745, 845),
(746, 846),
(747, 847),
(748, 848),
(749, 849),
(750, 850),
(751, 851),
(752, 852),
(753, 853),
(754, 854),
(755, 855),
(756, 856),
(757, 857),
(758, 858),
(759, 859),
(760, 860),
(761, 861),
(762, 862),
(763, 863),
(764, 864),
(765, 865),
(766, 866),
(767, 867),
(768, 868),
(769, 869),
(770, 870),
(771, 871),
(772, 872),
(773, 873),
(774, 874),
(775, 875),
(776, 876),
(777, 877),
(778, 878),
(779, 879),
(780, 880),
(781, 881),
(782, 882),
(783, 883),
(784, 884),
(785, 885),
(786, 886),
(787, 887),
(788, 888),
(789, 889),
(790, 890),
(791, 891),
(792, 892),
(793, 893),
(794, 894),
(795, 895),
(796, 896),
(797, 897),
(798, 898),
(799, 899),
(800, 900),
(801, 901),
(802, 902),
(803, 903),
(804, 904),
(805, 905),
(806, 906),
(807, 907),
(808, 908),
(809, 909),
(810, 910),
(811, 911),
(812, 912),
(813, 913),
(814, 914),
(815, 915),
(816, 916),
(817, 917),
(818, 918),
(819, 919),
(820, 920),
(821, 921),
(822, 922),
(823, 923),
(824, 924),
(825, 925),
(826, 926),
(827, 927),
(828, 928),
(829, 929),
(830, 930),
(831, 931),
(832, 932),
(833, 933),
(834, 934),
(835, 935),
(836, 936),
(837, 937),
(838, 938),
(839, 939),
(840, 940),
(841, 941),
(842, 942),
(843, 943),
(844, 944),
(845, 945),
(846, 946),
(847, 947),
(848, 948),
(849, 949),
(850, 950),
(851, 951),
(852, 952),
(853, 953),
(854, 954),
(855, 955),
(856, 956),
(857, 957),
(858, 958),
(859, 959),
(860, 960),
(861, 961),
(862, 962),
(863, 963),
(864, 964),
(865, 965),
(866, 966),
(867, 967),
(868, 968),
(869, 969),
(870, 970),
(871, 971),
(872, 972),
(873, 973),
(874, 974),
(875, 975),
(876, 976),
(877, 977),
(878, 978),
(879, 979),
(880, 980),
(881, 981),
(882, 982),
(883, 983),
(884, 984),
(885, 985),
(886, 986),
(887, 987),
(888, 988),
(889, 989),
(890, 990),
(891, 991),
(892, 992),
(893, 993),
(894, 994),
(895, 995),
(896, 996),
(897, 997),
(898, 998),
(899, 999),
(900, 1000),
(901, 1001),
(902, 1002),
(903, 1003),
(904, 1004),
(905, 1005),
(906, 1006),
(907, 1007),
(908, 1008),
(909, 1009),
(910, 1010),
(911, 1011),
(912, 1012),
(913, 1013),
(914, 1014),
(915, 1015),
(916, 1016),
(917, 1017),
(918, 1018),
(919, 1019),
(920, 1020),
(921, 1021),
(922, 1022),
(923, 1023),
(924, 1024),
(925, 1025),
(926, 1026),
(927, 1027),
(928, 1028),
(929, 1029),
(930, 1030),
(931, 1031),
(932, 1032),
(933, 1033),
(934, 1034),
(935, 1035),
(936, 1036),
(937, 1037),
(938, 1038),
(939, 1039),
(940, 1040),
(941, 1041),
(942, 1042),
(943, 1043),
(944, 1044),
(945, 1045),
(946, 1046),
(947, 1047),
(948, 1048),
(949, 1049),
(950, 1050),
(951, 1051),
(952, 1052),
(953, 1053),
(954, 1054),
(955, 1055),
(956, 1056),
(957, 1057),
(958, 1058),
(959, 1059),
(960, 1060),
(961, 1061),
(962, 1062),
(963, 1063),
(964, 1064),
(965, 1065),
(966, 1066),
(967, 1067),
(968, 1068),
(969, 1069),
(970, 1070),
(971, 1071),
(972, 1072),
(973, 1073),
(974, 1074),
(975, 1075),
(976, 1076),
(977, 1077),
(978, 1078),
(979, 1079),
(980, 1080),
(981, 1081),
(982, 1082),
(983, 1083),
(984, 1084),
(985, 1085),
(986, 1086),
(987, 1087),
(988, 1088),
(989, 1089),
(990, 1090),
(991, 1091),
(992, 1092),
(993, 1093),
(994, 1094),
(995, 1095),
(996, 1096),
(997, 1097),
(998, 1098),
(999, 1099),
(1000, 1100),
(1001, 1101),
(1002, 1102),
(1003, 1103),
(1004, 1104),
(1005, 1105),
(1006, 1106),
(1007, 1107),
(1008, 1108),
(1009, 1109),
(1010, 1110),
(1011, 1111),
(1012, 1112),
(1013, 1113),
(1014, 1114),
(1015, 1115),
(1016, 1116),
(1017, 1117),
(1018, 1118),
(1019, 1119),
(1020, 1120),
(1021, 1121),
(1022, 1122),
(1023, 1123),
(1024, 1124),
(1025, 1125),
(1026, 1126),
(1027, 1127),
(1028, 1128),
(1029, 1129),
(1030, 1130),
(1031, 1131),
(1032, 1132),
(1033, 1133),
(1034, 1134),
(1035, 1135),
(1036, 1136),
(1037, 1137),
(1038, 1138),
(1039, 1139),
(1040, 1140),
(1041, 1141),
(1042, 1142),
(1043, 1143),
(1044, 1144),
(1045, 1145),
(1046, 1146),
(1047, 1147),
(1048, 1148),
(1049, 1149),
(1050, 1150),
(1051, 1151),
(1052, 1152),
(1053, 1153),
(1054, 1154),
(1055, 1155),
(1056, 1156),
(1057, 1157),
(1058, 1158),
(1059, 1159),
(1060, 1160),
(1061, 1161),
(1062, 1162),
(1063, 1163),
(1064, 1164),
(1065, 1165),
(1066, 1166),
(1067, 1167),
(1068, 1168),
(1069, 1169),
(1070, 1170),
(1071, 1171),
(1072, 1172),
(1073, 1173),
(1074, 1174),
(1075, 1175),
(1076, 1176),
(1077, 1177),
(1078, 1178),
(1079, 1179),
(1080, 1180),
(1081, 1181),
(1082, 1182),
(1083, 1183),
(1084, 1184),
(1085, 1185),
(1086, 1186),
(1087, 1187),
(1088, 1188),
(1089, 1189),
(1090, 1190),
(1091, 1191),
(1092, 1192),
(1093, 1193),
(1094, 1194),
(1095, 1195),
(1096, 1196),
(1097, 1197),
(1098, 1198),
(1099, 1199),
(1100, 1200);

-- --------------------------------------------------------

--
-- Table structure for table `employee`
--

CREATE TABLE `employee` (
  `emp_id` int(10) NOT NULL,
  `name` varchar(100) NOT NULL,
  `phone` int(11) NOT NULL,
  `address` varchar(100) NOT NULL,
  `doj` varchar(30) NOT NULL
) ENGINE=MyISAM DEFAULT CHARSET=latin1;

--
-- Dumping data for table `employee`
--

INSERT INTO `employee` (`emp_id`, `name`, `phone`, `address`, `doj`) VALUES
(39, 'jlkhbkhj,', 35165153, 'mbhjjbhj', '2017-04-12'),
(35, 'Deepesh', 1234567890, 'kurla', '2017-04-18'),
(36, 'krupal', 1235612, 'njkjk', '2017-04-03'),
(37, 'absjnkj', 2141631, 'bhjhj', '2017-04-11'),
(40, 'nbjgbhjm', 26120, 'nbhjvbhj', '2017-04-01'),
(41, 'nbjhb', 25426321, 'ngjvfgcgfbv ', '2017-04-01'),
(42, 'mbvjgvj', 14162, 'vgjvhjmbjhm', '2017-04-01'),
(43, 'mbvghv ', 2316512, 'nhgjhb', '2017-04-01'),
(44, 'nvvhmbn', 224632, 'bvfvghvn ', '2017-04-09');

-- --------------------------------------------------------

--
-- Table structure for table `hazard_deatils`
--

CREATE TABLE `hazard_deatils` (
  `haz_id` int(100) NOT NULL,
  `haz_details` varchar(100) NOT NULL,
  `threshold` varchar(100) NOT NULL
) ENGINE=MyISAM DEFAULT CHARSET=latin1;

--
-- Dumping data for table `hazard_deatils`
--

INSERT INTO `hazard_deatils` (`haz_id`, `haz_details`, `threshold`) VALUES
(1, 'Ozone Depleting Substances (ODS)', ''),
(2, 'Phthalate plasticize', ''),
(3, 'Brominated Flame Retardants (BFRs)', ''),
(4, 'Insulation Ozone Depleting Substances in foam', ''),
(5, 'Asbestos', ''),
(6, 'Refractory Ceramic Fiber', ''),
(7, 'Lead', '0.5'),
(8, 'Antimony', '0.005'),
(9, 'Mercury', '0.005'),
(10, 'Phosphorus', ''),
(11, 'Phthalate plasticizer', ''),
(12, 'Beryllium', '0.005'),
(13, 'Flame Retardants', ''),
(14, 'Lithium', ''),
(15, 'Cadmium', '0.005'),
(16, 'Glycol', '');

-- --------------------------------------------------------

--
-- Table structure for table `pastemployeedetails`
--

CREATE TABLE `pastemployeedetails` (
  `emp_id` int(100) NOT NULL,
  `name` varchar(100) NOT NULL,
  `phone` int(11) NOT NULL,
  `address` varchar(100) NOT NULL,
  `doj` date NOT NULL,
  `dor` date NOT NULL
) ENGINE=MyISAM DEFAULT CHARSET=latin1;

--
-- Dumping data for table `pastemployeedetails`
--

INSERT INTO `pastemployeedetails` (`emp_id`, `name`, `phone`, `address`, `doj`, `dor`) VALUES
(34, 'deepesh', 546216, 'nbdshbdhj', '2017-04-01', '2017-04-01'),
(38, 'manish', 132623, ' bhbskj', '2017-04-12', '2017-04-01');

-- --------------------------------------------------------

--
-- Table structure for table `pendingdetails`
--

CREATE TABLE `pendingdetails` (
  `datetime` datetime(6) NOT NULL,
  `uid` int(10) NOT NULL,
  `utid` int(10) NOT NULL,
  `eid` int(10) NOT NULL,
  `etid` int(10) NOT NULL,
  `productdeatils` varchar(10) NOT NULL
) ENGINE=MyISAM DEFAULT CHARSET=latin1;

--
-- Dumping data for table `pendingdetails`
--

INSERT INTO `pendingdetails` (`datetime`, `uid`, `utid`, `eid`, `etid`, `productdeatils`) VALUES
('2017-04-02 04:25:16.000000', 2, 1002, 2, 102, '1000'),
('2017-04-01 05:28:29.000000', 3, 1003, 3, 103, '1250'),
('2017-04-04 07:35:12.000000', 4, 1004, 4, 104, '500'),
('2017-04-04 12:13:30.000000', 5, 1005, 5, 105, '5000');

-- --------------------------------------------------------

--
-- Table structure for table `pendingorders`
--

CREATE TABLE `pendingorders` (
  `date` date NOT NULL,
  `time` time NOT NULL,
  `ut_id` int(5) NOT NULL,
  `ect_id` int(5) NOT NULL,
  `approvestatus` int(1) NOT NULL,
  `appovedatetime` datetime(6) NOT NULL
) ENGINE=MyISAM DEFAULT CHARSET=latin1;

-- --------------------------------------------------------

--
-- Table structure for table `pincodedetails`
--

CREATE TABLE `pincodedetails` (
  `officename` varchar(27) DEFAULT NULL,
  `pincode` varchar(7) DEFAULT NULL,
  `Taluk` varchar(24) DEFAULT NULL,
  `Districtname` varchar(24) DEFAULT NULL,
  `statename` varchar(25) DEFAULT NULL
) ENGINE=MyISAM DEFAULT CHARSET=utf8;

--
-- Dumping data for table `pincodedetails`
--

INSERT INTO `pincodedetails` (`officename`, `pincode`, `Taluk`, `Districtname`, `statename`) VALUES
('Carnicobar S.O', '744301', 'Carnicobar', 'Districtname', 'ANDAMAN & NICOBAR ISLANDS'),
('Diglipur S.O', '744202', 'Diglipur', 'Nicobar', 'ANDAMAN & NICOBAR ISLANDS'),
('Bambooflat S.O', '744107', 'Ferrargunj', 'North And Middle Andaman', 'ANDAMAN & NICOBAR ISLANDS'),
('Beachdera B.O', '744206', 'Ferrargunj', 'South Andaman', 'ANDAMAN & NICOBAR ISLANDS'),
('Aerial Bay B.O', '744202', 'Diglipur', 'South Andaman', 'ANDAMAN & NICOBAR ISLANDS'),
('Ankoli B.O', '504001', 'Adilabad', 'Adilabad', 'ANDHRA PRADESH'),
('Adilabad Collectorate S.O', '504001', 'Adilabad', 'Adilabad', 'ANDHRA PRADESH'),
('Akoli B.O', '504309', 'Adilabad', 'Adilabad', 'ANDHRA PRADESH'),
('Adilabad H.O', '504001', 'Adilabad', 'Adilabad', 'ANDHRA PRADESH'),
('Agali S.O (Ananthapur)', '515311', 'Agali', 'Ananthapur', 'ANDHRA PRADESH'),
('Abango B.O', '792110', 'Roing', 'Lower Dibang Valley', 'ARUNACHAL PRADESH'),
('Alubari B.O', '792102', 'Chowkham', 'Lohit', 'ARUNACHAL PRADESH'),
('Along S.O', '791001', 'Bordumsa Circle', 'West Siang', 'ARUNACHAL PRADESH'),
('Alinye B.O', '792101', 'Alinye', 'Dibang Valley', 'ARUNACHAL PRADESH'),
('Adipasi B.O', '791102', 'Pasighat', 'East Siang', 'ARUNACHAL PRADESH'),
('2 No Bokanala B.O', '787032', 'Lakhimpur', 'Lakhimpur', 'ASSAM'),
('3 No Borbil B.O', '786171', 'Margherita', 'Tinsukia', 'ASSAM'),
('Abhayapuri S.O', '783384', 'Abhayapuri', 'Bongaigaon', 'ASSAM'),
('A.P.Mill S.O', '783388', 'Bongaigaon', 'Bongaigaon', 'ASSAM'),
('Adabari B.O', '781126', 'Barkhetri', 'Nalbari', 'ASSAM'),
('A.Babhangama B.O', '847121', 'NA', 'Darbhanga', 'BIHAR'),
('A.Bishanpur B.O', '843113', 'Bandra', 'Muzaffarpur', 'BIHAR'),
('A. H. Guard B.O', '801103', 'Bihta', 'Patna', 'BIHAR'),
('A. Kala B.O', '802226', 'Bikramganj', 'Rohtas', 'BIHAR'),
('A. Saraiya B.O', '821312', 'Dehri On Sone', 'Rohtas', 'BIHAR'),
('Airforce Highground S.O', '160004', 'Chandigarh', 'Chandigarh', 'CHANDIGARH'),
('Badheri B.O', '160036', 'NA', 'Chandigarh', 'CHANDIGARH'),
('Aerodrome S.O', '160003', 'Chandigarh', 'Chandigarh', 'CHANDIGARH'),
('Ajauli B.O', '140125', 'Ropar', 'Chandigarh', 'CHANDIGARH'),
('Abiana B.O', '140119', 'Ropar', 'Chandigarh', 'CHANDIGARH'),
('Abhanpur B.O', '494335', 'Kanker', 'Kanker', 'CHATTISGARH'),
('Achanakmar B.O', '495113', 'Kargi Road', 'Bilaspur(CGH)', 'CHATTISGARH'),
('A O Bhilai S.O', '490001', 'Durg', 'Durg', 'CHATTISGARH'),
('Achanakpur B.O', '493445', 'Mahasamund', 'Mahasamund', 'CHATTISGARH'),
('Abhanpur S.O', '493661', 'Abhanpur', 'Raipur', 'CHATTISGARH'),
('Amli B.O', '396230', 'Dadra & Nagar Haveli', 'Dadra & Nagar Haveli', 'DADRA & NAGAR HAVELI'),
('Athal B.O', '396235', 'Dadra & Nagar Haveli', 'Dadra & Nagar Haveli', 'DADRA & NAGAR HAVELI'),
('Bedpa B.O', '396230', 'Dadra & Nagar Haveli', 'Dadra & Nagar Haveli', 'DADRA & NAGAR HAVELI'),
('Athola B.O', '396230', 'Dadra & Nagar Haveli', 'Dadra & Nagar Haveli', 'DADRA & NAGAR HAVELI'),
('Bonta B.O', '396230', 'Dadra & Nagar Haveli', 'Dadra & Nagar Haveli', 'DADRA & NAGAR HAVELI'),
('Bucharvada B.O', '362570', 'Diu', 'Diu', 'DAMAN & DIU'),
('Daman I.E. S.O', '396215', 'Daman', 'Daman', 'DAMAN & DIU'),
('Dabhel B.O', '396215', 'Daman', 'Daman', 'DAMAN & DIU'),
('Daman S.O', '396210', 'Daman', 'Daman', 'DAMAN & DIU'),
('Bhimpore B.O', '396210', 'Daman', 'Daman', 'DAMAN & DIU'),
('A.G.C.R. S.O', '110002', 'New Delhi', 'Central Delhi', 'DELHI'),
('A.K.Market S.O', '110055', 'New Delhi', 'Central Delhi', 'DELHI'),
('A F Palam S.O', '110010', 'NA', 'South West Delhi', 'DELHI'),
('A F Rajokari S.O', '110038', 'NA', 'South West Delhi', 'DELHI'),
('505 A B Workshop S.O', '110010', 'NA', 'South West Delhi', 'DELHI'),
('A.P.Terminal S.O', '403801', 'Mormugao', 'South Goa', 'GOA'),
('A.P.Dabolim S.O', '403801', 'NA', 'South Goa', 'GOA'),
('Advalpal B.O', '403503', 'Bicholim', 'North Goa', 'GOA'),
('Advoi B.O', '403530', 'Sattari', 'North Goa', 'GOA'),
('Agapur Adpoi B.O', '403401', 'Ponda', 'South Goa', 'GOA'),
('(Gandhinagar) Sector 21 S.O', '382021', 'Gandhinagar', 'Gandhi Nagar', 'GUJARAT'),
('(Gandhinagar) Sector 16 S.O', '382016', 'Gandhinagar', 'Gandhi Nagar', 'GUJARAT'),
('(Gandhinagar) Sector 17 S.O', '382016', 'Gandhinagar', 'Gandhi Nagar', 'GUJARAT'),
('(Gandhinagar) Sector 19 S.O', '382021', 'Gandhinagar', 'Gandhi Nagar', 'GUJARAT'),
('(Gandhinagar) Sector 22 S.O', '382021', 'Gandhinagar', 'Gandhi Nagar', 'GUJARAT'),
('A.K. Line S.O', '133001', 'NA', 'Ambala', 'HARYANA'),
('Abubshahar B.O', '125104', 'Mandi Dabwali', 'Sirsa', 'HARYANA'),
('A.F. Hansi B.O', '125033', 'Hansi', 'Hisar', 'HARYANA'),
('Achhanpur B.O', '132024', 'Nissing', 'Karnal', 'HARYANA'),
('Achhej B.O', '124106', 'Jhajjar', 'Jhajjar', 'HARYANA'),
('Adhwani B.O', '176036', 'Dehra', 'Kangra', 'HIMACHAL PRADESH'),
('Agahar B.O', '176058', 'Nurpur', 'Kangra', 'HIMACHAL PRADESH'),
('Aghar B.O', '176041', 'Bhoranj', 'Hamirpur(HP)', 'HIMACHAL PRADESH'),
('Ahju B.O', '175032', 'Jogindernagar', 'Mandi', 'HIMACHAL PRADESH'),
('AGPO S.O', '171003', 'Shimla Urban(T)', 'Shimla', 'HIMACHAL PRADESH'),
('A.G.Office B.O', '181121', 'NA', 'Jammu', 'JAMMU & KASHMIR'),
('Abtal B.O', '181141', 'Samba', 'Jammu', 'JAMMU & KASHMIR'),
('Abi Karlpora B.O', '190003', 'Abi Karlpora', 'Srinagar', 'JAMMU & KASHMIR'),
('Abhama B.O', '191112', 'Abhama', 'Budgam', 'JAMMU & KASHMIR'),
('A K Pora B.O', '190015', 'A K Pora', 'Srinagar', 'JAMMU & KASHMIR'),
('A.C.C. Colony S.O', '828124', 'Dhanbad', 'Dhanbad', 'JHARKHAND'),
('Aan B.O', '829203', 'Chandwa', 'Latehar', 'JHARKHAND'),
('Adalahatu B.O', '835204', 'Bundu', 'Ranchi', 'JHARKHAND'),
('Adalhatu S.O', '834008', 'Ranchi', 'Ranchi', 'JHARKHAND'),
('A.K. Bad B.O', '814143', 'Deoghar', 'Deoghar', 'JHARKHAND'),
('A F Station Yelahanka S.O', '560063', 'Bangalore North', 'Bangalore', 'KARNATAKA'),
('Abbaiahnahalli B.O', '577536', 'Challakere', 'Chitradurga', 'KARNATAKA'),
('Abalavadi B.O', '571425', 'Maddur', 'Mandya', 'KARNATAKA'),
('Abbalagere B.O', '577204', 'Shimoga', 'Shimoga', 'KARNATAKA'),
('A.Venkatapura B.O', '572129', 'Koratagere', 'Tumkur', 'KARNATAKA'),
('Achanthuruthi B.O', '671351', 'Hosdurg', 'Kasargod', 'KERALA'),
('Achikanam B.O', '671531', 'Hosdurg', 'Kasargod', 'KERALA'),
('Abdurahiman Nagar S.O', '676305', 'Tirurangadi', 'Malappuram', 'KERALA'),
('Abhayagiri B.O', '673517', 'Vadakara', 'Kozhikode', 'KERALA'),
('Achencoil B.O', '689696', 'Pathanapuram', 'Kollam', 'KERALA'),
('Chetlat S.O', '682554', 'Lakshadweep', 'Lakshadweep', 'LAKSHADWEEP'),
('Amini S.O', '682552', 'Amini', 'Lakshadweep', 'LAKSHADWEEP'),
('Androth S.O', '682551', 'Lakshadweep', 'Lakshadweep', 'LAKSHADWEEP'),
('Bithra B.O', '682555', 'Amini', 'Lakshadweep', 'LAKSHADWEEP'),
('Agathi S.O', '682553', 'Lakshadweep', 'Lakshadweep', 'LAKSHADWEEP'),
('3 EME Centre S.O', '462031', 'Huzur', 'Bhopal', 'MADHYA PRADESH'),
('1100 Qrts. S.O', '462016', 'Huzur', 'Bhopal', 'MADHYA PRADESH'),
('Aabud B.O', '450337', 'Pandhana', 'East Nimar', 'MADHYA PRADESH'),
('Aabidabad B.O', '466111', 'Bilkisganj', 'Sehore', 'MADHYA PRADESH'),
('Aagar B.O', '465669', 'Narsinghgarh', 'Rajgarh', 'MADHYA PRADESH'),
('5 Star MIDC Kagal S.O', '416236', 'Kagal', 'Kolhapur', 'MAHARASHTRA'),
('A I Staff Colony S.O', '400029', 'Mumbai', 'Mumbai', 'MAHARASHTRA'),
('A.D. Project S.O', '440021', 'Nagpur (Urban)', 'Nagpur', 'MAHARASHTRA'),
('9 DRD B.O', '411014', 'Pune City', 'Pune', 'MAHARASHTRA'),
('A.R. Shala S.O', '411004', 'Pune City', 'Pune', 'MAHARASHTRA'),
('Aimol Kodamphai B.O', '795135', 'Nil', 'Thoubal', 'MANIPUR'),
('Aina B.O', '795128', 'Nil', 'Churachandpur', 'MANIPUR'),
('Ahallup B.O', '795002', 'Nil', 'Imphal West', 'MANIPUR'),
('Aibulon B.O', '795143', 'Nil', 'Churachandpur', 'MANIPUR'),
('Aigejang B.O', '795102', 'Nil', 'Chandel', 'MANIPUR'),
('Achigchonggiri B.O', '794002', 'Lower Chandmari', 'West Garo Hills', 'MEGHALAYA'),
('Amlarem B.O', '793150', 'Jowai', 'Jaintia Hills', 'MEGHALAYA'),
('Adakgiri B.O', '783123', 'Dambo Rongjeng', 'East Garo Hills', 'MEGHALAYA'),
('Amlari B.O', '793109', 'Amlarem', 'Jaintia Hills', 'MEGHALAYA'),
('Ampati S.O', '794115', 'Ampati', 'West Garo Hills', 'MEGHALAYA'),
('Aizawl H.O', '796001', 'Tlangnuam (Part)', 'Aizawl', 'MIZORAM'),
('Armed Veng B.O', '796007', 'Tlangnuam (Part)', 'Aizawl', 'MIZORAM'),
('Bungkawn B.O', '796005', 'Tlangnuam (Part)', 'Aizawl', 'MIZORAM'),
('Bethlehem B.O', '796007', 'Tlangnuam (Part)', 'Aizawl', 'MIZORAM'),
('Armed Veng S.O', '796008', 'Tlangnuam', 'Aizawl', 'MIZORAM'),
('Aghunato B.O', '798620', 'Aghunato', 'Zunhebotto', 'NAGALAND'),
('Aitepyong B.O', '797100', 'Doyang H Project', 'Wokha', 'NAGALAND'),
('Akhegwo B.O', '797114', 'Meluri', 'Phek', 'NAGALAND'),
('Agri College B.O', '797106', 'Medziphema', 'Dimapur', 'NAGALAND'),
('Aizuto B.O', '798619', 'Akuluto', 'Zunhebotto', 'NAGALAND'),
('A.K.Deuli B.O', '761111', 'Aska', 'Ganjam', 'ODISHA'),
('A G S.O', '751001', 'Bhubaneswar', 'Khorda', 'ODISHA'),
('A D Market S.O', '753012', 'Cuttack Sadar', 'Cuttack', 'ODISHA'),
('A.Katapali B.O', '768006', 'Sadar', 'Sambalpur', 'ODISHA'),
('A.Jambahal B.O', '770033', 'Kuarmunda', 'Sundergarh', 'ODISHA'),
('Ariyur B.O', '605102', 'Pondicherry', 'Pondicherry', 'PONDICHERRY'),
('Abishegapakkam B.O', '605007', 'Pondicherry', 'Pondicherry', 'PONDICHERRY'),
('Ariyankuppam S.O', '605007', 'Pondicherry', 'Pondicherry', 'PONDICHERRY'),
('Akkaraivattam B.O', '609604', 'Neravy Commune Panchayat', 'Karaikal', 'PONDICHERRY'),
('Ambagarathur S.O', '609601', 'Karaikal', 'Karaikal', 'PONDICHERRY'),
('A.P. Basti S.O', '141003', 'Ludhiana', 'Ludhiana', 'PUNJAB'),
('Abbowal B.O', '141105', 'Raikot', 'Ludhiana', 'PUNJAB'),
('Abdal B.O', '143502', 'Kathunangal', 'Amritsar', 'PUNJAB'),
('Ablu B.O', '151201', 'Goniana Mandi', 'Bathinda', 'PUNJAB'),
('Abdulapur B.O', '144214', 'Hoshiarpur', 'Hoshiarpur', 'PUNJAB'),
('10 Kd B.O', '335707', 'Gharsana', 'Ganganagar', 'RAJASTHAN'),
('1 Ps B.O', '335061', 'Padampur', 'Ganganagar', 'RAJASTHAN'),
('11 Z B.O', '335038', 'Sriganganagar', 'Ganganagar', 'RAJASTHAN'),
('10 Z B.O', '335038', 'Sriganganagar', 'Ganganagar', 'RAJASTHAN'),
('1 Sm B.O', '335707', 'Gharsana', 'Ganganagar', 'RAJASTHAN'),
('Arubotay B.O', '737121', 'Jorethang', 'West Sikkim', 'SIKKIM'),
('Aritar B.O', '737133', 'Rhenock', 'East Sikkim', 'SIKKIM'),
('Amba B.O', '737133', 'Rhenock', 'East Sikkim', 'SIKKIM'),
('Ahoo Busty B.O', '737135', 'Ranipool', 'East Sikkim', 'SIKKIM'),
('Arithang B.O', '737111', 'Gayzing', 'West Sikkim', 'SIKKIM'),
('A K Padavedu B.O', '606905', 'Polur', 'Tiruvannamalai', 'TAMIL NADU'),
('85 R.Komarapalayam B.O', '637403', 'Rasipuram', 'Namakkal', 'TAMIL NADU'),
('63 Velampalayam B.O', '641663', 'Palladam', 'Coimbatore', 'TAMIL NADU'),
('15 Velampalayam B.O', '641652', 'Tiruppur', 'Coimbatore', 'TAMIL NADU'),
('19 Pudur B.O', '624614', 'Dindigul', 'Dindigul', 'TAMIL NADU'),
('Abhoynagar S.O', '799005', 'NA', 'West Tripura', 'TRIPURA'),
('Abani Reangpara B.O', '799013', 'NA', 'South Tripura', 'TRIPURA'),
('Abhoyganj Bazar B.O', '799155', 'NA', 'South Tripura', 'TRIPURA'),
('Agagartilla B.O', '799201', 'Paschim Sonatala', 'West Tripura', 'TRIPURA'),
('Abhanga B.O', '799286', 'Abhanga', 'Dhalai', 'TRIPURA'),
('15 Btn PAC Agra', '282001', 'NA', 'Agra', 'UTTAR PRADESH'),
('Panigaon B.O', '281204', 'Mathura', 'Mathura', 'UTTAR PRADESH'),
('Dewal B.O', '232333', 'Zamania', 'Ghazipur', 'UTTAR PRADESH'),
('Nagaria Vikram B.O', '243503', 'Faridpur', 'Bareilly', 'UTTAR PRADESH'),
('Nagaria Khanu B.O', '243635', 'Dataganj', 'Budaun', 'UTTAR PRADESH'),
('Dewara Khas Raja B.O', '276122', 'Azamgarh ', 'Azamgarh', 'UTTAR PRADESH'),
('Kafarkhan B.O', '263601', 'Almora', 'Almora', 'UTTARAKHAND'),
('Saring Gaon B.O', '246486', 'Gairsain', 'Chamoli', 'UTTARAKHAND'),
('31 Bn PAC Rudarpur S.O', '263153', 'Kichha', 'Udham Singh Nagar', 'UTTARAKHAND'),
('Adhariyakhal B.O', '246155', 'Lansdowne', 'Pauri Garhwal', 'UTTARAKHAND'),
('Adhora Walla B.O', '246277', 'Dhumakot', 'Pauri Garhwal', 'UTTARAKHAND'),
('Adichaura B.O', '262551', 'Didihat', 'Pithoragarh', 'UTTARAKHAND'),
('Kultali B.O', '743338', 'NA', 'South 24 Parganas', 'WEST BENGAL'),
('7th Mile Kalimpong S.O', '734301', 'Kalimpong -I', 'Darjiling', 'WEST BENGAL'),
('A.Guha Road S.O', '711204', 'Bally Jagachha', 'Howrah', 'WEST BENGAL'),
('Kulitapara B.O', '711312', 'Howrah', 'Howrah', 'WEST BENGAL'),
('Abasbari S.O', '721636', 'Tamluk-i', 'East Midnapore', 'WEST BENGAL');

-- --------------------------------------------------------

--
-- Table structure for table `productdetails`
--

CREATE TABLE `productdetails` (
  `u_id` int(100) NOT NULL,
  `productype` varchar(100) NOT NULL,
  `quant` int(100) NOT NULL,
  `prod_tag` varchar(100) NOT NULL,
  `amount` int(100) NOT NULL
) ENGINE=MyISAM DEFAULT CHARSET=latin1;

--
-- Dumping data for table `productdetails`
--

INSERT INTO `productdetails` (`u_id`, `productype`, `quant`, `prod_tag`, `amount`) VALUES
(191, '23', 93, '352416992', 805),
(464, '21', 82, '190917968', 105),
(607, '13', 6, '789477539', 86),
(147, '7', 24, '351611328', 681),
(672, '5', 6, '491772461', 879),
(169, '25', 18, '491601562', 402),
(773, '17', 23, '531176758', 116),
(186, '12', 41, '395263672', 303),
(582, '5', 2, '554565430', 394),
(907, '21', 42, '121972656', 272),
(962, '4', 66, '183813476', 810),
(562, '13', 19, '606103516', 783),
(430, '1', 3, '415795898', 680),
(63, '2', 88, '257031250', 673),
(324, '21', 31, '222387695', 279),
(182, '7', 81, '350463867', 594),
(1001, '23', 40, '871777344', 89),
(730, '2', 66, '721899414', 103),
(17, '13', 43, '229345703', 723),
(349, '1', 58, '233569336', 474),
(241, '16', 66, '557348633', 373),
(387, '23', 59, '391748047', 121),
(895, '23', 7, '340112304', 167),
(475, '20', 49, '640332031', 302),
(727, '24', 80, '603735352', 688),
(415, '1', 73, '621337891', 252),
(158, '24', 48, '545092773', 12),
(846, '20', 25, '144140625', 541),
(252, '20', 4, '536059570', 149),
(275, '21', 53, '323510742', 847),
(145, '8', 45, '827636719', 662),
(683, '15', 84, '429321289', 336),
(396, '20', 84, '782080078', 115),
(671, '15', 45, '350366211', 38),
(104, '25', 43, '665820313', 634),
(84, '2', 19, '758520508', 351),
(554, '23', 49, '663232422', 775),
(224, '21', 96, '100659179', 404),
(825, '3', 3, '433691406', 921),
(777, '16', 50, '511572266', 62),
(531, '16', 27, '249389648', 304),
(780, '10', 59, '506250000', 502),
(553, '6', 86, '224731445', 731),
(353, '10', 96, '502099609', 672),
(470, '15', 10, '271557617', 573),
(70, '1', 97, '858496094', 832),
(466, '2', 62, '711743164', 787),
(198, '5', 47, '409814453', 838),
(552, '22', 67, '842163086', 562),
(428, '19', 50, '265429687', 889),
(300, '25', 80, '334692383', 51),
(687, '13', 11, '409716797', 282),
(742, '24', 70, '636206055', 115),
(869, '20', 3, '302050781', 146),
(837, '11', 86, '768579102', 102),
(462, '1', 40, '328686523', 565),
(951, '21', 90, '543359375', 555),
(140, '4', 77, '888403321', 44),
(767, '16', 51, '194604492', 765),
(79, '13', 100, '769165039', 463),
(510, '17', 31, '712548828', 911),
(1078, '21', 23, '108959960', 64),
(990, '10', 55, '340039062', 246),
(889, '10', 51, '885864258', 462),
(786, '18', 45, '431201172', 627),
(274, '8', 28, '346752929', 291),
(93, '3', 78, '513500977', 630),
(857, '3', 69, '717041016', 704),
(1039, '3', 88, '782983399', 795),
(273, '3', 18, '255468750', 702),
(102, '13', 78, '127075195', 68),
(1095, '8', 14, '145068359', 864),
(78, '21', 76, '892651368', 429),
(90, '14', 42, '345214844', 955),
(609, '23', 97, '601586914', 356),
(244, '7', 38, '890283204', 334),
(75, '14', 13, '550756836', 526),
(703, '21', 56, '889648438', 686),
(766, '6', 32, '812036133', 596),
(852, '13', 50, '727685547', 816),
(995, '23', 70, '832299805', 931),
(40, '4', 45, '263769531', 362),
(267, '19', 30, '833422852', 384),
(574, '25', 12, '232275390', 545),
(88, '24', 71, '812280274', 994),
(920, '7', 43, '442578125', 942),
(436, '8', 88, '340747070', 805),
(872, '4', 30, '379052734', 233),
(579, '7', 86, '765698243', 558),
(185, '9', 35, '601074219', 908),
(969, '8', 53, '209008789', 466),
(488, '24', 66, '143017578', 97);

-- --------------------------------------------------------

--
-- Table structure for table `product_components`
--

CREATE TABLE `product_components` (
  `prod_id` int(10) NOT NULL,
  `comp_id` int(10) NOT NULL
) ENGINE=MyISAM DEFAULT CHARSET=latin1;

--
-- Dumping data for table `product_components`
--

INSERT INTO `product_components` (`prod_id`, `comp_id`) VALUES
(202, 1),
(202, 2),
(202, 3),
(202, 4),
(202, 5),
(202, 6),
(202, 9),
(202, 10),
(202, 17),
(202, 19),
(202, 20),
(202, 22),
(202, 23),
(203, 1),
(203, 2),
(203, 4),
(203, 6),
(203, 9),
(203, 10),
(203, 11),
(203, 15),
(203, 18),
(203, 19),
(203, 23),
(203, 26),
(102, 1),
(102, 2),
(102, 4),
(102, 10),
(102, 12),
(102, 15),
(102, 21),
(102, 23),
(102, 7),
(102, 8),
(103, 2),
(103, 4),
(103, 8),
(103, 10),
(103, 12),
(103, 15),
(103, 16),
(103, 20),
(103, 21),
(103, 23),
(201, 1),
(201, 4),
(201, 7),
(201, 10),
(201, 12),
(201, 15),
(201, 20),
(201, 23);

-- --------------------------------------------------------

--
-- Table structure for table `product_type`
--

CREATE TABLE `product_type` (
  `prod_id` int(10) NOT NULL,
  `prod_type` varchar(100) NOT NULL,
  `category` int(10) NOT NULL
) ENGINE=MyISAM DEFAULT CHARSET=latin1;

--
-- Dumping data for table `product_type`
--

INSERT INTO `product_type` (`prod_id`, `prod_type`, `category`) VALUES
(101, 'Centralised data processing: Mainframes, Minicomputers', 1),
(102, 'Personal Computing: Personal Computers (Central\nProcessing Unit with input and output devices)', 1),
(103, 'Personal Computing: Laptop Computers(Central\nProcessing Unit with input and output devices)', 1),
(104, 'Personal Computing: Notebook Computers', 1),
(105, 'Personal Computing: Notepad Computers', 1),
(106, 'Printers including cartridges', 1),
(107, 'Copying equipment', 1),
(108, 'Electrical and electronic typewriters', 1),
(109, 'User terminals and systems', 1),
(110, 'Facsimile', 1),
(111, 'Telex', 1),
(112, 'Telephones', 1),
(113, 'Pay telephones', 1),
(114, 'Cordless telephones', 1),
(115, 'Cellular telephones,Feature phones, Answering systems', 1),
(116, 'Answering systems', 1),
(101, 'Centralised data processing: Mainframes, Minicomputers', 1),
(102, 'Personal Computing: Personal Computers (Central\nProcessing Unit with input and output devices)', 1),
(103, 'Personal Computing: Laptop Computers(Central\nProcessing Unit with input and output devices)', 1),
(104, 'Personal Computing: Notebook Computers', 1),
(105, 'Personal Computing: Notepad Computers', 1),
(106, 'Printers including cartridges', 1),
(107, 'Copying equipment', 1),
(108, 'Electrical and electronic typewriters', 1),
(109, 'User terminals and systems', 1),
(110, 'Facsimile', 1),
(111, 'Telex', 1),
(112, 'Telephones', 1),
(113, 'Pay telephones', 1),
(114, 'Cordless telephones', 1),
(115, 'Cellular telephones,Feature phones, Answering systems', 1),
(116, 'Answering systems', 1),
(201, 'Television sets including sets based on Liquid Crystal\nDisplay and Light Emitting Diode technology', 2),
(202, 'Refrigerator', 2),
(203, 'Washing Machine', 2),
(204, 'Air-conditioners excluding centralised air conditioning\nPlants', 2),
(205, 'Fluorescent and other Mercury containing lamps', 2);

-- --------------------------------------------------------

--
-- Table structure for table `user_id_tid`
--

CREATE TABLE `user_id_tid` (
  `u_id` int(11) NOT NULL,
  `ut_id` int(11) NOT NULL
) ENGINE=MyISAM DEFAULT CHARSET=latin1;

--
-- Dumping data for table `user_id_tid`
--

INSERT INTO `user_id_tid` (`u_id`, `ut_id`) VALUES
(14, 1014),
(13, 1013),
(12, 1012),
(11, 1011),
(10, 1010),
(9, 1009),
(8, 1008),
(7, 1007),
(6, 1006),
(5, 1005),
(4, 1004),
(3, 1003),
(2, 1002),
(1, 1001),
(15, 1015),
(16, 1016),
(17, 1017),
(18, 1018),
(19, 1019),
(20, 1020),
(21, 1021),
(22, 1022),
(23, 1023),
(24, 1024),
(25, 1025),
(26, 1026),
(27, 1027),
(28, 1028),
(29, 1029),
(30, 1030),
(31, 1031),
(32, 1032),
(33, 1033),
(34, 1034),
(35, 1035),
(36, 1036),
(37, 1037),
(38, 1038),
(39, 1039),
(40, 1040),
(41, 1041),
(42, 1042),
(43, 1043),
(44, 1044),
(45, 1045),
(46, 1046),
(47, 1047),
(48, 1048),
(49, 1049),
(50, 1050),
(51, 1051),
(52, 1052),
(53, 1053),
(54, 1054),
(55, 1055),
(56, 1056),
(57, 1057),
(58, 1058),
(59, 1059),
(60, 1060),
(61, 1061),
(62, 1062),
(63, 1063),
(64, 1064),
(65, 1065),
(66, 1066),
(67, 1067),
(68, 1068),
(69, 1069),
(70, 1070),
(71, 1071),
(72, 1072),
(73, 1073),
(74, 1074),
(75, 1075),
(76, 1076),
(77, 1077),
(78, 1078),
(79, 1079),
(80, 1080),
(81, 1081),
(82, 1082),
(83, 1083),
(84, 1084),
(85, 1085),
(86, 1086),
(87, 1087),
(88, 1088),
(89, 1089),
(90, 1090),
(91, 1091),
(92, 1092),
(93, 1093),
(94, 1094),
(95, 1095),
(96, 1096),
(97, 1097),
(98, 1098),
(99, 1099),
(100, 1100),
(101, 1101),
(102, 1102),
(103, 1103),
(104, 1104),
(105, 1105),
(106, 1106),
(107, 1107),
(108, 1108),
(109, 1109),
(110, 1110),
(111, 1111),
(112, 1112),
(113, 1113),
(114, 1114),
(115, 1115),
(116, 1116),
(117, 1117),
(118, 1118),
(119, 1119),
(120, 1120),
(121, 1121),
(122, 1122),
(123, 1123),
(124, 1124),
(125, 1125),
(126, 1126),
(127, 1127),
(128, 1128),
(129, 1129),
(130, 1130),
(131, 1131),
(132, 1132),
(133, 1133),
(134, 1134),
(135, 1135),
(136, 1136),
(137, 1137),
(138, 1138),
(139, 1139),
(140, 1140),
(141, 1141),
(142, 1142),
(143, 1143),
(144, 1144),
(145, 1145),
(146, 1146),
(147, 1147),
(148, 1148),
(149, 1149),
(150, 1150),
(151, 1151),
(152, 1152),
(153, 1153),
(154, 1154),
(155, 1155),
(156, 1156),
(157, 1157),
(158, 1158),
(159, 1159),
(160, 1160),
(161, 1161),
(162, 1162),
(163, 1163),
(164, 1164),
(165, 1165),
(166, 1166),
(167, 1167),
(168, 1168),
(169, 1169),
(170, 1170),
(171, 1171),
(172, 1172),
(173, 1173),
(174, 1174),
(175, 1175),
(176, 1176),
(177, 1177),
(178, 1178),
(179, 1179),
(180, 1180),
(181, 1181),
(182, 1182),
(183, 1183),
(184, 1184),
(185, 1185),
(186, 1186),
(187, 1187),
(188, 1188),
(189, 1189),
(190, 1190),
(191, 1191),
(192, 1192),
(193, 1193),
(194, 1194),
(195, 1195),
(196, 1196),
(197, 1197),
(198, 1198),
(199, 1199),
(200, 1200),
(201, 1201),
(202, 1202),
(203, 1203),
(204, 1204),
(205, 1205),
(206, 1206),
(207, 1207),
(208, 1208),
(209, 1209),
(210, 1210),
(211, 1211),
(212, 1212),
(213, 1213),
(214, 1214),
(215, 1215),
(216, 1216),
(217, 1217),
(218, 1218),
(219, 1219),
(220, 1220),
(221, 1221),
(222, 1222),
(223, 1223),
(224, 1224),
(225, 1225),
(226, 1226),
(227, 1227),
(228, 1228),
(229, 1229),
(230, 1230),
(231, 1231),
(232, 1232),
(233, 1233),
(234, 1234),
(235, 1235),
(236, 1236),
(237, 1237),
(238, 1238),
(239, 1239),
(240, 1240),
(241, 1241),
(242, 1242),
(243, 1243),
(244, 1244),
(245, 1245),
(246, 1246),
(247, 1247),
(248, 1248),
(249, 1249),
(250, 1250),
(251, 1251),
(252, 1252),
(253, 1253),
(254, 1254),
(255, 1255),
(256, 1256),
(257, 1257),
(258, 1258),
(259, 1259),
(260, 1260),
(261, 1261),
(262, 1262),
(263, 1263),
(264, 1264),
(265, 1265),
(266, 1266),
(267, 1267),
(268, 1268),
(269, 1269),
(270, 1270),
(271, 1271),
(272, 1272),
(273, 1273),
(274, 1274),
(275, 1275),
(276, 1276),
(277, 1277),
(278, 1278),
(279, 1279),
(280, 1280),
(281, 1281),
(282, 1282),
(283, 1283),
(284, 1284),
(285, 1285),
(286, 1286),
(287, 1287),
(288, 1288),
(289, 1289),
(290, 1290),
(291, 1291),
(292, 1292),
(293, 1293),
(294, 1294),
(295, 1295),
(296, 1296),
(297, 1297),
(298, 1298),
(299, 1299),
(300, 1300),
(301, 1301),
(302, 1302),
(303, 1303),
(304, 1304),
(305, 1305),
(306, 1306),
(307, 1307),
(308, 1308),
(309, 1309),
(310, 1310),
(311, 1311),
(312, 1312),
(313, 1313),
(314, 1314),
(315, 1315),
(316, 1316),
(317, 1317),
(318, 1318),
(319, 1319),
(320, 1320),
(321, 1321),
(322, 1322),
(323, 1323),
(324, 1324),
(325, 1325),
(326, 1326),
(327, 1327),
(328, 1328),
(329, 1329),
(330, 1330),
(331, 1331),
(332, 1332),
(333, 1333),
(334, 1334),
(335, 1335),
(336, 1336),
(337, 1337),
(338, 1338),
(339, 1339),
(340, 1340),
(341, 1341),
(342, 1342),
(343, 1343),
(344, 1344),
(345, 1345),
(346, 1346),
(347, 1347),
(348, 1348),
(349, 1349),
(350, 1350),
(351, 1351),
(352, 1352),
(353, 1353),
(354, 1354),
(355, 1355),
(356, 1356),
(357, 1357),
(358, 1358),
(359, 1359),
(360, 1360),
(361, 1361),
(362, 1362),
(363, 1363),
(364, 1364),
(365, 1365),
(366, 1366),
(367, 1367),
(368, 1368),
(369, 1369),
(370, 1370),
(371, 1371),
(372, 1372),
(373, 1373),
(374, 1374),
(375, 1375),
(376, 1376),
(377, 1377),
(378, 1378),
(379, 1379),
(380, 1380),
(381, 1381),
(382, 1382),
(383, 1383),
(384, 1384),
(385, 1385),
(386, 1386),
(387, 1387),
(388, 1388),
(389, 1389),
(390, 1390),
(391, 1391),
(392, 1392),
(393, 1393),
(394, 1394),
(395, 1395),
(396, 1396),
(397, 1397),
(398, 1398),
(399, 1399),
(400, 1400),
(401, 1401),
(402, 1402),
(403, 1403),
(404, 1404),
(405, 1405),
(406, 1406),
(407, 1407),
(408, 1408),
(409, 1409),
(410, 1410),
(411, 1411),
(412, 1412),
(413, 1413),
(414, 1414),
(415, 1415),
(416, 1416),
(417, 1417),
(418, 1418),
(419, 1419),
(420, 1420),
(421, 1421),
(422, 1422),
(423, 1423),
(424, 1424),
(425, 1425),
(426, 1426),
(427, 1427),
(428, 1428),
(429, 1429),
(430, 1430),
(431, 1431),
(432, 1432),
(433, 1433),
(434, 1434),
(435, 1435),
(436, 1436),
(437, 1437),
(438, 1438),
(439, 1439),
(440, 1440),
(441, 1441),
(442, 1442),
(443, 1443),
(444, 1444),
(445, 1445),
(446, 1446),
(447, 1447),
(448, 1448),
(449, 1449),
(450, 1450),
(451, 1451),
(452, 1452),
(453, 1453),
(454, 1454),
(455, 1455),
(456, 1456),
(457, 1457),
(458, 1458),
(459, 1459),
(460, 1460),
(461, 1461),
(462, 1462),
(463, 1463),
(464, 1464),
(465, 1465),
(466, 1466),
(467, 1467),
(468, 1468),
(469, 1469),
(470, 1470),
(471, 1471),
(472, 1472),
(473, 1473),
(474, 1474),
(475, 1475),
(476, 1476),
(477, 1477),
(478, 1478),
(479, 1479),
(480, 1480),
(481, 1481),
(482, 1482),
(483, 1483),
(484, 1484),
(485, 1485),
(486, 1486),
(487, 1487),
(488, 1488),
(489, 1489),
(490, 1490),
(491, 1491),
(492, 1492),
(493, 1493),
(494, 1494),
(495, 1495),
(496, 1496),
(497, 1497),
(498, 1498),
(499, 1499),
(500, 1500),
(501, 1501),
(502, 1502),
(503, 1503),
(504, 1504),
(505, 1505),
(506, 1506),
(507, 1507),
(508, 1508),
(509, 1509),
(510, 1510),
(511, 1511),
(512, 1512),
(513, 1513),
(514, 1514),
(515, 1515),
(516, 1516),
(517, 1517),
(518, 1518),
(519, 1519),
(520, 1520),
(521, 1521),
(522, 1522),
(523, 1523),
(524, 1524),
(525, 1525),
(526, 1526),
(527, 1527),
(528, 1528),
(529, 1529),
(530, 1530),
(531, 1531),
(532, 1532),
(533, 1533),
(534, 1534),
(535, 1535),
(536, 1536),
(537, 1537),
(538, 1538),
(539, 1539),
(540, 1540),
(541, 1541),
(542, 1542),
(543, 1543),
(544, 1544),
(545, 1545),
(546, 1546),
(547, 1547),
(548, 1548),
(549, 1549),
(550, 1550),
(551, 1551),
(552, 1552),
(553, 1553),
(554, 1554),
(555, 1555),
(556, 1556),
(557, 1557),
(558, 1558),
(559, 1559),
(560, 1560),
(561, 1561),
(562, 1562),
(563, 1563),
(564, 1564),
(565, 1565),
(566, 1566),
(567, 1567),
(568, 1568),
(569, 1569),
(570, 1570),
(571, 1571),
(572, 1572),
(573, 1573),
(574, 1574),
(575, 1575),
(576, 1576),
(577, 1577),
(578, 1578),
(579, 1579),
(580, 1580),
(581, 1581),
(582, 1582),
(583, 1583),
(584, 1584),
(585, 1585),
(586, 1586),
(587, 1587),
(588, 1588),
(589, 1589),
(590, 1590),
(591, 1591),
(592, 1592),
(593, 1593),
(594, 1594),
(595, 1595),
(596, 1596),
(597, 1597),
(598, 1598),
(599, 1599),
(600, 1600),
(601, 1601),
(602, 1602),
(603, 1603),
(604, 1604),
(605, 1605),
(606, 1606),
(607, 1607),
(608, 1608),
(609, 1609),
(610, 1610),
(611, 1611),
(612, 1612),
(613, 1613),
(614, 1614),
(615, 1615),
(616, 1616),
(617, 1617),
(618, 1618),
(619, 1619),
(620, 1620),
(621, 1621),
(622, 1622),
(623, 1623),
(624, 1624),
(625, 1625),
(626, 1626),
(627, 1627),
(628, 1628),
(629, 1629),
(630, 1630),
(631, 1631),
(632, 1632),
(633, 1633),
(634, 1634),
(635, 1635),
(636, 1636),
(637, 1637),
(638, 1638),
(639, 1639),
(640, 1640),
(641, 1641),
(642, 1642),
(643, 1643),
(644, 1644),
(645, 1645),
(646, 1646),
(647, 1647),
(648, 1648),
(649, 1649),
(650, 1650),
(651, 1651),
(652, 1652),
(653, 1653),
(654, 1654),
(655, 1655),
(656, 1656),
(657, 1657),
(658, 1658),
(659, 1659),
(660, 1660),
(661, 1661),
(662, 1662),
(663, 1663),
(664, 1664),
(665, 1665),
(666, 1666),
(667, 1667),
(668, 1668),
(669, 1669),
(670, 1670),
(671, 1671),
(672, 1672),
(673, 1673),
(674, 1674),
(675, 1675),
(676, 1676),
(677, 1677),
(678, 1678),
(679, 1679),
(680, 1680),
(681, 1681),
(682, 1682),
(683, 1683),
(684, 1684),
(685, 1685),
(686, 1686),
(687, 1687),
(688, 1688),
(689, 1689),
(690, 1690),
(691, 1691),
(692, 1692),
(693, 1693),
(694, 1694),
(695, 1695),
(696, 1696),
(697, 1697),
(698, 1698),
(699, 1699),
(700, 1700),
(701, 1701),
(702, 1702),
(703, 1703),
(704, 1704),
(705, 1705),
(706, 1706),
(707, 1707),
(708, 1708),
(709, 1709),
(710, 1710),
(711, 1711),
(712, 1712),
(713, 1713),
(714, 1714),
(715, 1715),
(716, 1716),
(717, 1717),
(718, 1718),
(719, 1719),
(720, 1720),
(721, 1721),
(722, 1722),
(723, 1723),
(724, 1724),
(725, 1725),
(726, 1726),
(727, 1727),
(728, 1728),
(729, 1729),
(730, 1730),
(731, 1731),
(732, 1732),
(733, 1733),
(734, 1734),
(735, 1735),
(736, 1736),
(737, 1737),
(738, 1738),
(739, 1739),
(740, 1740),
(741, 1741),
(742, 1742),
(743, 1743),
(744, 1744),
(745, 1745),
(746, 1746),
(747, 1747),
(748, 1748),
(749, 1749),
(750, 1750),
(751, 1751),
(752, 1752),
(753, 1753),
(754, 1754),
(755, 1755),
(756, 1756),
(757, 1757),
(758, 1758),
(759, 1759),
(760, 1760),
(761, 1761),
(762, 1762),
(763, 1763),
(764, 1764),
(765, 1765),
(766, 1766),
(767, 1767),
(768, 1768),
(769, 1769),
(770, 1770),
(771, 1771),
(772, 1772),
(773, 1773),
(774, 1774),
(775, 1775),
(776, 1776),
(777, 1777),
(778, 1778),
(779, 1779),
(780, 1780),
(781, 1781),
(782, 1782),
(783, 1783),
(784, 1784),
(785, 1785),
(786, 1786),
(787, 1787),
(788, 1788),
(789, 1789),
(790, 1790),
(791, 1791),
(792, 1792),
(793, 1793),
(794, 1794),
(795, 1795),
(796, 1796),
(797, 1797),
(798, 1798),
(799, 1799),
(800, 1800),
(801, 1801),
(802, 1802),
(803, 1803),
(804, 1804),
(805, 1805),
(806, 1806),
(807, 1807),
(808, 1808),
(809, 1809),
(810, 1810),
(811, 1811),
(812, 1812),
(813, 1813),
(814, 1814),
(815, 1815),
(816, 1816),
(817, 1817),
(818, 1818),
(819, 1819),
(820, 1820),
(821, 1821),
(822, 1822),
(823, 1823),
(824, 1824),
(825, 1825),
(826, 1826),
(827, 1827),
(828, 1828),
(829, 1829),
(830, 1830),
(831, 1831),
(832, 1832),
(833, 1833),
(834, 1834),
(835, 1835),
(836, 1836),
(837, 1837),
(838, 1838),
(839, 1839),
(840, 1840),
(841, 1841),
(842, 1842),
(843, 1843),
(844, 1844),
(845, 1845),
(846, 1846),
(847, 1847),
(848, 1848),
(849, 1849),
(850, 1850),
(851, 1851),
(852, 1852),
(853, 1853),
(854, 1854),
(855, 1855),
(856, 1856),
(857, 1857),
(858, 1858),
(859, 1859),
(860, 1860),
(861, 1861),
(862, 1862),
(863, 1863),
(864, 1864),
(865, 1865),
(866, 1866),
(867, 1867),
(868, 1868),
(869, 1869),
(870, 1870),
(871, 1871),
(872, 1872),
(873, 1873),
(874, 1874),
(875, 1875),
(876, 1876),
(877, 1877),
(878, 1878),
(879, 1879),
(880, 1880),
(881, 1881),
(882, 1882),
(883, 1883),
(884, 1884),
(885, 1885),
(886, 1886),
(887, 1887),
(888, 1888),
(889, 1889),
(890, 1890),
(891, 1891),
(892, 1892),
(893, 1893),
(894, 1894),
(895, 1895),
(896, 1896),
(897, 1897),
(898, 1898),
(899, 1899),
(900, 1900),
(901, 1901),
(902, 1902),
(903, 1903),
(904, 1904),
(905, 1905),
(906, 1906),
(907, 1907),
(908, 1908),
(909, 1909),
(910, 1910),
(911, 1911),
(912, 1912),
(913, 1913),
(914, 1914),
(915, 1915),
(916, 1916),
(917, 1917),
(918, 1918),
(919, 1919),
(920, 1920),
(921, 1921),
(922, 1922),
(923, 1923),
(924, 1924),
(925, 1925),
(926, 1926),
(927, 1927),
(928, 1928),
(929, 1929),
(930, 1930),
(931, 1931),
(932, 1932),
(933, 1933),
(934, 1934),
(935, 1935),
(936, 1936),
(937, 1937),
(938, 1938),
(939, 1939),
(940, 1940),
(941, 1941),
(942, 1942),
(943, 1943),
(944, 1944),
(945, 1945),
(946, 1946),
(947, 1947),
(948, 1948),
(949, 1949),
(950, 1950),
(951, 1951),
(952, 1952),
(953, 1953),
(954, 1954),
(955, 1955),
(956, 1956),
(957, 1957),
(958, 1958),
(959, 1959),
(960, 1960),
(961, 1961),
(962, 1962),
(963, 1963),
(964, 1964),
(965, 1965),
(966, 1966),
(967, 1967),
(968, 1968),
(969, 1969),
(970, 1970),
(971, 1971),
(972, 1972),
(973, 1973),
(974, 1974),
(975, 1975),
(976, 1976),
(977, 1977),
(978, 1978),
(979, 1979),
(980, 1980),
(981, 1981),
(982, 1982),
(983, 1983),
(984, 1984),
(985, 1985),
(986, 1986),
(987, 1987),
(988, 1988),
(989, 1989),
(990, 1990),
(991, 1991),
(992, 1992),
(993, 1993),
(994, 1994),
(995, 1995),
(996, 1996),
(997, 1997),
(998, 1998),
(999, 1999),
(1000, 2000),
(1001, 2001),
(1002, 2002),
(1003, 2003),
(1004, 2004),
(1005, 2005),
(1006, 2006),
(1007, 2007),
(1008, 2008),
(1009, 2009),
(1010, 2010),
(1011, 2011),
(1012, 2012),
(1013, 2013),
(1014, 2014),
(1015, 2015),
(1016, 2016),
(1017, 2017),
(1018, 2018),
(1019, 2019),
(1020, 2020),
(1021, 2021),
(1022, 2022),
(1023, 2023),
(1024, 2024),
(1025, 2025),
(1026, 2026),
(1027, 2027),
(1028, 2028),
(1029, 2029),
(1030, 2030),
(1031, 2031),
(1032, 2032),
(1033, 2033),
(1034, 2034),
(1035, 2035),
(1036, 2036),
(1037, 2037),
(1038, 2038),
(1039, 2039),
(1040, 2040),
(1041, 2041),
(1042, 2042),
(1043, 2043),
(1044, 2044),
(1045, 2045),
(1046, 2046),
(1047, 2047),
(1048, 2048),
(1049, 2049),
(1050, 2050),
(1051, 2051),
(1052, 2052),
(1053, 2053),
(1054, 2054),
(1055, 2055),
(1056, 2056),
(1057, 2057),
(1058, 2058),
(1059, 2059),
(1060, 2060),
(1061, 2061),
(1062, 2062),
(1063, 2063),
(1064, 2064),
(1065, 2065),
(1066, 2066),
(1067, 2067),
(1068, 2068),
(1069, 2069),
(1070, 2070),
(1071, 2071),
(1072, 2072),
(1073, 2073),
(1074, 2074),
(1075, 2075),
(1076, 2076),
(1077, 2077),
(1078, 2078),
(1079, 2079),
(1080, 2080),
(1081, 2081),
(1082, 2082),
(1083, 2083),
(1084, 2084),
(1085, 2085),
(1086, 2086),
(1087, 2087),
(1088, 2088),
(1089, 2089),
(1090, 2090),
(1091, 2091),
(1092, 2092),
(1093, 2093),
(1094, 2094),
(1095, 2095),
(1096, 2096),
(1097, 2097),
(1098, 2098),
(1099, 2099),
(1100, 2100);

--
-- Indexes for dumped tables
--

--
-- Indexes for table `admin`
--
ALTER TABLE `admin`
  ADD PRIMARY KEY (`user_id`);

--
-- Indexes for table `ec_id_tid`
--
ALTER TABLE `ec_id_tid`
  ADD PRIMARY KEY (`ect_id`);

--
-- Indexes for table `employee`
--
ALTER TABLE `employee`
  ADD PRIMARY KEY (`emp_id`);

--
-- Indexes for table `pendingorders`
--
ALTER TABLE `pendingorders`
  ADD KEY `ect_id` (`ect_id`),
  ADD KEY `ect_id_2` (`ect_id`),
  ADD KEY `ut_id` (`ut_id`,`ect_id`);

--
-- Indexes for table `productdetails`
--
ALTER TABLE `productdetails`
  ADD UNIQUE KEY `ut_id` (`u_id`);

--
-- Indexes for table `user_id_tid`
--
ALTER TABLE `user_id_tid`
  ADD PRIMARY KEY (`ut_id`);

--
-- AUTO_INCREMENT for dumped tables
--

--
-- AUTO_INCREMENT for table `admin`
--
ALTER TABLE `admin`
  MODIFY `user_id` int(100) NOT NULL AUTO_INCREMENT, AUTO_INCREMENT=4;
--
-- AUTO_INCREMENT for table `ec_id_tid`
--
ALTER TABLE `ec_id_tid`
  MODIFY `ect_id` int(11) NOT NULL AUTO_INCREMENT, AUTO_INCREMENT=1201;
--
-- AUTO_INCREMENT for table `employee`
--
ALTER TABLE `employee`
  MODIFY `emp_id` int(10) NOT NULL AUTO_INCREMENT, AUTO_INCREMENT=45;
--
-- AUTO_INCREMENT for table `user_id_tid`
--
ALTER TABLE `user_id_tid`
  MODIFY `ut_id` int(11) NOT NULL AUTO_INCREMENT, AUTO_INCREMENT=2101;
/*!40101 SET CHARACTER_SET_CLIENT=@OLD_CHARACTER_SET_CLIENT */;
/*!40101 SET CHARACTER_SET_RESULTS=@OLD_CHARACTER_SET_RESULTS */;
/*!40101 SET COLLATION_CONNECTION=@OLD_COLLATION_CONNECTION */;
